{"client_numeric": 9153.436180813957, "vendor_numeric": 70.21812694571472, "year": 1.4922521018145911, "month": 3.392884913852439, "day": 8.86889137678384, "sku_count_products": 12.647788388400038, "total_num_count_products": 254.44239207859636, "total_price_products": 271497.7943372437}