{"client_numeric": 11435.829174205135, "vendor_numeric": 86.88891947364606, "year": 1.478808636845785, "month": 3.4318016260223585, "day": 8.803455731122131, "sku_count_products": 14.462028533442968, "total_num_count_products": 669.9262870458635, "total_price_products": 372700.49971254094}