{"client_numeric": 8779.239766081871, "vendor_numeric": 86.14944769330734, "year": 2020.3027940220923, "month": 6.605588044184535, "day": 15.507472384665368, "sku_count_products": 18.743989603638727, "total_num_count_products": 125.28265107212475, "total_price_products": 197179.61988304093}