{"client_numeric": 10314.281884057971, "vendor_numeric": 102.51567028985507, "year": 2019.5653079710146, "month": 6.508514492753624, "day": 15.23143115942029, "sku_count_products": 22.26032608695652, "total_num_count_products": 256.9503623188406, "total_price_products": 203620.39501811593}