{"client_numeric": 8140.5837384171355, "vendor_numeric": 85.11871487163907, "year": 2020.4840498253077, "month": 7.019747835333434, "day": 15.247911286647426, "sku_count_products": 17.224973416375512, "total_num_count_products": 137.01830472428983, "total_price_products": 192836.34638462708}