{"client_numeric": 10700.391307235117, "vendor_numeric": 100.80256997708935, "year": 2019.633562439818, "month": 6.325298004449315, "day": 15.207856028156854, "sku_count_products": 16.309791811933458, "total_num_count_products": 93.26519905701099, "total_price_products": 154151.81963675}