{"client_numeric": 11242.29809963302, "vendor_numeric": 83.2983395054223, "year": 1.4359758585775675, "month": 3.4283748335835083, "day": 8.864452817308587, "sku_count_products": 9.970033534593675, "total_num_count_products": 217.22507022621315, "total_price_products": 291822.13681337296}