{"mean_values": {"client_numeric": 10700.391307235117, "vendor_numeric": 100.80256997708935, "year": 2019.633562439818, "month": 6.325298004449315, "day": 15.207856028156854, "sku_count_products": 16.309791811933458, "total_num_count_products": 93.26519905701099, "total_price_products": 154151.81963675}, "std_values": {"client_numeric": 11242.29809963302, "vendor_numeric": 83.2983395054223, "year": 1.4359758585775675, "month": 3.4283748335835083, "day": 8.864452817308587, "sku_count_products": 9.970033534593675, "total_num_count_products": 217.22507022621315, "total_price_products": 291822.13681337296}}