{"client_numeric": 9290.158256077719, "vendor_numeric": 72.77477246836432, "year": 1.4417375880825605, "month": 3.5511854412638724, "day": 8.890998065341371, "sku_count_products": 12.652634606525146, "total_num_count_products": 219.1142264748742, "total_price_products": 350902.3254659238}