{"client_numeric": 10866.184063986644, "vendor_numeric": 79.36171096404686, "year": 1.4725710651930366, "month": 3.4481444238391044, "day": 8.85715068659953, "sku_count_products": 10.404103839886247, "total_num_count_products": 463.80910095763636, "total_price_products": 856894.5529970829}