{"client_numeric": 10250.077834698832, "vendor_numeric": 94.42620455674862, "year": 2020.013097335002, "month": 6.519642099840511, "day": 15.32925982104992, "sku_count_products": 12.922862576849926, "total_num_count_products": 118.47037228797485, "total_price_products": 169187.44035040704}